{
  "changes": [
    {
      "id": "chg-2025-08-09-01",
      "doc": "D5",
      "what": "Inclui pedido de julgamento antecipado + reforço de retificação do VC p/ R$ 720k",
      "why": "Alinhar conteúdo econômico ao pedido (8% de ~R$ 9M) e reduzir instrução",
      "refs": [
        "CPC art.292 II-III",
        "CPC art.355",
        "art.85 CPC (sucumbência)"
      ],
      "impact": [
        "economia.valor_causa_espolio=R$720k",
        "ped.reu += ['julgamento antecipado','sucumbência sobre VC real']"
      ]
    },
    {
      "id": "chg-2025-08-09-02",
      "doc": "D3",
      "what": "Explicita BO por falsidade ideológica no contrato P2–Allan",
      "why": "Ancora justa causa e quebra de confiança",
      "refs": [
        "PR4"
      ],
      "impact": [
        "teses.penais_imputadas_ao_P2 inclui art.299 CP",
        "aleg.reu.justa_causa += ['falsidade ideológica']"
      ]
    }
  ]
}