{
  "v": 1,
  "ent": {
    "P1": "Sérgio Pioli",
    "P2": "Plínio de Almeida Tecchio",
    "P3": "Allan de Lima Lopes",
    "PZ": "Antônio C. Zimmermann",
    "AZ": "Alfredo H. Zimmermann"
  },
  "casos": {
    "C_arbit": {
      "n": "5033694-35.2024.8.24.0018",
      "cj": "4ª Vara Cível de Chapecó/SC",
      "ass": "Arbitramento e cobrança de honorários (inventário 1003315-80.2016.8.26.0156)"
    }
  },
  "docs": [
    {
      "id": "D2",
      "t": "Inicial (Autores)",
      "rel": [
        "C_arbit"
      ]
    },
    {
      "id": "D3",
      "t": "Contestação (Espólio/Sérgio)",
      "rel": [
        "C_arbit"
      ]
    },
    {
      "id": "D4",
      "t": "Réplica (Autores)",
      "rel": [
        "C_arbit"
      ]
    },
    {
      "id": "D5",
      "t": "Manifestação sobre Provas + Retificação do Valor da Causa (Espólio)",
      "rel": [
        "C_arbit"
      ]
    }
  ],
  "evt": [
    [
      "2018-02-20",
      "E1",
      "C_arbit",
      "P1,PZ,AZ,P2",
      "Contrato de honorários: R$10k + 8% sobre monte-mor",
      "D2"
    ],
    [
      "2024-06-07",
      "E2",
      "C_arbit",
      "P1,PZ,AZ,P2",
      "Revogação de mandato dos autores no inventário (pág. 1155)",
      "D2"
    ],
    [
      "2024-06-25",
      "E3",
      "C_arbit",
      "P2",
      "Notificação extrajudicial cobrando honorários",
      "D2"
    ],
    [
      "2024-08-05",
      "E4",
      "C_arbit",
      "P2",
      "Nova notificação extrajudicial cobrando honorários",
      "D2"
    ],
    [
      "2024-10-01",
      "E5",
      "C_arbit",
      "P2",
      "Ajuizamento da ação de arbitramento de honorários",
      "D2"
    ],
    [
      "2025-02-01",
      "E6",
      "C_arbit",
      "P1",
      "Contestação do espólio: justa causa, perda de confiança, conflito de interesses, falsidade ideológica (contrato com Allan), pedido de justiça gratuita e impugnação do valor da causa",
      "D3"
    ],
    [
      "2025-04-01",
      "E7",
      "C_arbit",
      "P2",
      "Réplica: defesa da lisura, manutenção do valor da causa atribuído, legitimidade ativa de Zimm. & Zimmermann, impugnações à contestação",
      "D4"
    ],
    [
      "2025-08-08",
      "E8",
      "C_arbit",
      "P1",
      "Manifestação sobre Provas + pedido de julgamento antecipado + retificação do valor da causa p/ R$720k (8% s/ ~R$9M) e sucumbência",
      "D5"
    ]
  ],
  "aleg": {
    "autores": {
      "contrato": "R$10.000 + 8% do monte-mor (válido)",
      "servico": "76 meses (6a4m) de atuação intensa no inventário, com diligências; revogação imotivada",
      "arbitramento": "cabível por revogação e ausência de acordo; proporcional ao trabalho e ao valor econômico; tabela OAB",
      "legitimidade": "PZ e AZ permanecem legítimos (procuração/contrato até revogação em 2024)",
      "valor_causa": "mantido como atribuído; conteúdo econômico a ser arbitrado"
    },
    "reu": {
      "justa_causa": [
        "perda de confiança",
        "conflito de interesses",
        "patrocínio infiel",
        "falsidade ideológica em contrato com terceiro (Allan)",
        "ameaças"
      ],
      "inventario": [
        "atuação ineficaz/protelatória",
        "diligências perdidas",
        "ausência de benefício econômico concreto ao espólio"
      ],
      "valor_causa": "retificação para refletir pedido econômico (8% de ~R$9M ≈ R$720.000)",
      "gratuidade": "pretendida por falta de disponibilidade imediata de ativos (apto arrematado por R$233k; precatório multimilionário sem liquidez)",
      "legitimidade_ativa": "impugnação de PZ/AZ (teriam deixado sociedade em 2019; relação sempre com P2)"
    }
  },
  "provas": [
    {
      "id": "PR1",
      "tipo": "contrato_honorarios",
      "dt": "2018-02-20",
      "conteudo": "R$10k + 8% monte-mor",
      "ref": "D2"
    },
    {
      "id": "PR2",
      "tipo": "proc_inventario",
      "n": "1003315-80.2016.8.26.0156",
      "conteudo": "atos, decisões, supostos bens/adiantamentos/VGBL",
      "ref": "D2,D3,D4"
    },
    {
      "id": "PR3",
      "tipo": "notificacoes_extra",
      "dt": "2024-06-25/2024-08-05",
      "conteudo": "cobrança honorários",
      "ref": "D2"
    },
    {
      "id": "PR4",
      "tipo": "BO",
      "conteudo": "falsidade ideológica em contrato P2–Allan (cláusula de ciência do P1)",
      "ref": "D3"
    },
    {
      "id": "PR5",
      "tipo": "pecas_relacionadas",
      "conteudo": "anulação/rescisão contra Allan; cessão/remição",
      "ref": "D3"
    }
  ],
  "teses": {
    "penais_imputadas_ao_P2": [
      "falsidade ideológica (art.299 CP)",
      "patrocínio infiel (art.355 CP)",
      "potencial fraude à execução (art.179 CP?)"
    ],
    "civeis": [
      "lesão/dolo (CC)",
      "conflito de interesses",
      "boa-fé objetiva/venire",
      "enriquecimento sem causa?"
    ]
  },
  "economia": {
    "monte_mor_autores": "≈ R$9.000.000 (estimado pelos autores)",
    "pedido_autores": "8% do monte-mor + R$10.000 (ou proporcional via arbitramento)",
    "valor_causa_espolio": "retificação para R$720.000 (8% de ~R$9M)",
    "debate": "réu exige prova judicial de reconhecimento/validação do monte-mor; sem decisão homologatória"
  },
  "ped": {
    "autores": [
      "arbitramento proporcional (≥ tabela OAB)",
      "condenação espólio",
      "rejeição JG",
      "manutenção do valor da causa"
    ],
    "reu": [
      "improcedência total",
      "julgamento antecipado",
      "retificação do valor da causa (R$720k)",
      "sucumbência sobre valor real",
      "justiça gratuita"
    ]
  }
}