{
  "gloss": {
    "P1": "Sérgio Pioli",
    "P2": "Plínio A. Tecchio",
    "P3": "Allan de Lima Lopes",
    "PZ": "Antônio C. Zimmermann",
    "AZ": "Alfredo H. Zimmermann",
    "C_arbit": "Arbitramento de honorários (Chapecó/SC)",
    "D2": "Inicial (Autores)",
    "D3": "Contestação (Espólio)",
    "D4": "Réplica (Autores)",
    "D5": "Manifestação Provas+Valor (Espólio)",
    "E#": "Evento processual (data ISO)",
    "PR#": "Prova indexada",
    "JG": "Justiça gratuita",
    "VC": "Valor da causa",
    "MM": "Monte-mor",
    "CP": "Código Penal",
    "CC": "Código Civil",
    "OAB": "Estatuto da OAB"
  }
}