{
  "changes": [
    {
      "id": "anu-2025-06-02-v1",
      "doc": "DN1",
      "what": "Protocolo da inicial com pedidos de nulidade, perdas e danos, taxa de fruição, multa e danos morais",
      "why": "Responsabilização civil por conflito de interesses, vício de consentimento e remição/cessão",
      "refs": [
        "art.166 VI CC",
        "art.145/157 CC",
        "art.499 CPC",
        "art.355 CP",
        "art.299 CP"
      ],
      "impact": [
        "economia.dano_material_estimado=567593.93",
        "economia.taxa_fruicao_0_5_am_estimada=163309.20",
        "economia.multa_20_porcento_estimada=110000.00",
        "economia.dano_moral_sugerido=50000.00"
      ]
    }
  ]
}