{
  "v": 1,
  "ent": {
    "P1": "Sérgio Pioli",
    "P2": "Plínio de Almeida Tecchio",
    "P3": "Allan de Lima Lopes"
  },
  "casos": {
    "C_anu": {
      "n": "",
      "cj": "Vara Cível de Balneário Camboriú/SC",
      "ass": "Ação anulatória de negócio jurídico c/c indenização (contrato 64,55% do imóvel)",
      "rel": [
        "C_arbit?",
        "C_resc_Allan?"
      ]
    }
  },
  "docs": [
    {
      "id": "DN1",
      "t": "Inicial (Anulatória + Danos)",
      "rel": [
        "C_anu"
      ]
    }
  ],
  "evt": [
    [
      "2014-12-18",
      "E1",
      "C_anu",
      "P1,P3",
      "Promessa de compra e venda do imóvel por R$ 1.400.000,00",
      "DN1"
    ],
    [
      "2016-01-01",
      "E2",
      "C_anu",
      "P1,P3",
      "1º aditivo (+prazo) e 2º aditivo (reduz para ~35% - térreo)",
      "DN1"
    ],
    [
      "2018-02-27",
      "E3",
      "C_anu",
      "P3",
      "Trânsito em julgado contra Allan (1005958-40.2016.8.26.0405)",
      "DN1"
    ],
    [
      "2020-08-01",
      "E4",
      "C_anu",
      "P2,P1",
      "P2 passa a representar P1 como terceiro interessado (0003136-27.2018.8.26.0405 - TJSP)",
      "DN1"
    ],
    [
      "2020-10-01",
      "E5",
      "C_anu",
      "P2,P1",
      "P2 manifesta interesse em adquirir 64,55%; negociação com desconto via espaço aéreo; proposta R$ 450k + R$ 100k",
      "DN1"
    ],
    [
      "2023-03-01",
      "E6",
      "C_anu",
      "P1,P3",
      "Arrematação do imóvel por R$ 1.576.442,97 (50% + 24x)",
      "DN1"
    ],
    [
      "2023-10-31",
      "E7",
      "C_anu",
      "P2,P3",
      "Remição paga por P2 em nome de Allan; cessão de direitos; cláusula de ciência falsa atribuída a P1; P2 ainda advogado de P1",
      "DN1"
    ],
    [
      "2023-11-10",
      "E8",
      "C_anu",
      "P2,P1",
      "Comunicação informal de saída da defesa por P2",
      "DN1"
    ],
    [
      "2024-10-10",
      "E9",
      "C_anu",
      "P1",
      "BO por falsidade ideológica (art. 299 CP) referente ao contrato P2–Allan",
      "DN1"
    ],
    [
      "2025-06-02",
      "E10",
      "C_anu",
      "P1",
      "Protocolo da petição inicial (anulatória + danos)",
      "DN1"
    ]
  ],
  "aleg": {
    "autor": {
      "nulidade": [
        "art.166 VI CC",
        "boa-fé objetiva",
        "função social",
        "dolo (art.145 CC)",
        "lesão (art.157 CC)",
        "vício de consentimento"
      ],
      "conflito_interesses": [
        "patrocínio infiel (art.355 CP)",
        "art.34 OAB (IV, VII, XXI, XXV)",
        "aquisição de bem litigioso pelo advogado"
      ],
      "falsidade": [
        "art.299 CP - cláusula falsa de ciência/anuência",
        "contrato P2–Allan 31/10/2023"
      ],
      "fraude_execucao": [
        "art.179 CP? - remição para frustrar arrematação"
      ],
      "inadimplemento_P2": [
        "saldo R$100.000,00 não pago",
        "tentativa de compensação fictícia"
      ],
      "taxa_fruição": "0,5% a.m. pelo uso/posse do bem",
      "PAD_OAB": "representação recebida e PAD instaurado contra P2 (OAB/SC)"
    },
    "reu": {
      "defesas_previstas": [
        "negócio válido e vantajoso",
        "remição lícita",
        "compensação com honorários",
        "ausência de vícios"
      ]
    }
  },
  "provas": [
    {
      "id": "PR1",
      "tipo": "contrato_compra_64_55",
      "conteudo": "R$ 450.000 à vista + R$ 100.000 parcelado; adendo manuscrito no cartório; omissões de garantia/correção; espaço aéreo",
      "ref": "DN1"
    },
    {
      "id": "PR2",
      "tipo": "aditivos_Allan",
      "conteudo": "2016 - 1º aditivo (+prazo) e 2º aditivo (redução objeto ~35%)",
      "ref": "DN1"
    },
    {
      "id": "PR3",
      "tipo": "processo_TJSP",
      "n": "0003136-27.2018.8.26.0405",
      "conteudo": "penhora, arrematação 01/03/2023, remição por P2",
      "ref": "DN1"
    },
    {
      "id": "PR4",
      "tipo": "audios",
      "dt": "2023-10-27/2024-01-17",
      "conteudo": "avaliação do imóvel R$1,3–1,4M; espaço aéreo 10–20%",
      "ref": "DN1"
    },
    {
      "id": "PR5",
      "tipo": "cessao_P2_Allan",
      "dt": "2023-10-31",
      "conteudo": "cláusula falsa de ciência de P1; outorga de poderes a Allan; ocultação de conflito",
      "ref": "DN1"
    },
    {
      "id": "PR6",
      "tipo": "BO",
      "dt": "2024-10-10",
      "conteudo": "falsidade ideológica (art.299 CP)",
      "ref": "DN1"
    },
    {
      "id": "PR7",
      "tipo": "PAD_OAB_SC",
      "conteudo": "processo ético-disciplinar instaurado contra P2",
      "ref": "DN1"
    }
  ],
  "teses": {
    "penais_imputadas_ao_P2": [
      "art.355 CP",
      "art.299 CP",
      "art.179 CP?",
      "art.171 CP?"
    ],
    "civeis": [
      "nulidade (166 VI CC)",
      "vício de consentimento (erro/dolo/lesão)",
      "inadimplemento (475 CC)",
      "indenização (186, 187, 927 CC)",
      "enriquecimento sem causa (884 CC)",
      "multa contratual (20%)",
      "taxa de fruição (0,5% a.m.)"
    ]
  },
  "economia": {
    "arrematacao_total": 1576442.97,
    "avaliacao_frac_64_55": 1017593.93,
    "preco_pago": 450000.0,
    "saldo_pendente": 100000.0,
    "dano_material_estimado": 567593.93,
    "taxa_fruicao_0_5_am_estimada": 163309.2,
    "multa_20_porcento_estimada": 110000.0,
    "dano_moral_sugerido": 50000.0,
    "valor_causa": 890903.13
  },
  "ped": {
    "autor": [
      "parcelamento das custas (art.98 §6º CPC)",
      "citação do réu (art.246 §1º-A I CPC)",
      "procedência total",
      "nulidade do contrato (64,55%)",
      "conversão em perdas e danos (art.499 CPC) com base na diferença de valores (R$ 567.593,93)",
      "taxa de fruição 0,5% a.m. (R$ 163.309,20 estimados)",
      "multa contratual 20% (R$ 110.000,00)",
      "subsidiariamente: rescisão por inadimplemento + parcelas + perdas e danos + multa + encargos",
      "danos morais (R$ 50.000,00)",
      "custas e honorários sucumbenciais"
    ]
  },
  "xref": {
    "inventario": "1003315-80.2016.8.26.0156",
    "rescisao_Allan": "5008911-18.2024.8.24.0005",
    "cumprimento_TJSP": "0003136-27.2018.8.26.0405",
    "arbit_Plínio": "5033694-35.2024.8.24.0018"
  }
}